{
  "seed":443813685,
  "pop":200000,
  "Inactive_Cycles":2,
  "Active_Cycles":2,
  "Total_CPU_Time":1.29435E+01,
  "Total_Transport_Time":1.71387E+00,
  "inactive":{
    "batchSize":1
  },
  "batchSize":1,
  "keff":{
    "IMP_PROD":[1.15989E+05,2.30290E+01],
    "IMP_ABS":[6.31342E+04,1.16316E+01],
    "SCATTER_PROD":[7.45000E+01,2.50000E+00],
    "ANA_LEAK":[1.36764E+05,3.33500E+02],
    "K_EFF":[5.80456E-01,8.12465E-04]
  },
  "active":{
    "batchSize":1,
    "fluxMap":{
      "multiMapOrder":["Energy","X","Y","Z"],
      "EnergyBounds":[[0.00000E+00],[5.00000E+01]],
      "XBounds":[[-1.00000E+00,1.00000E+00]],
      "YBounds":[[-1.00000E+01,-8.00000E+00],[-8.00000E+00,-6.00000E+00],[-6.00000E+00,-4.00000E+00],[-4.00000E+00,-2.00000E+00],[-2.00000E+00,0.00000E+00],[0.00000E+00,2.00000E+00],[2.00000E+00,4.00000E+00],[4.00000E+00,6.00000E+00],[6.00000E+00,8.00000E+00],[8.00000E+00,1.00000E+01]],
      "ZBounds":[[-1.00000E+00,1.00000E+00]],
      "Res":[[[[[[1.77390E+04,7.60076E+02]]]],[[[[2.74206E+04,1.07698E+02]]]],[[[[2.81909E+04,2.53186E+02]]]],[[[[2.84479E+04,4.33340E+02]]]],[[[[2.84055E+04,2.61248E+02]]]],[[[[2.94033E+04,4.53444E+02]]]],[[[[2.86459E+04,2.58537E+02]]]],[[[[2.81960E+04,2.56998E+02]]]],[[[[2.74273E+04,2.55866E+01]]]],[[[[1.87733E+04,7.35549E+02]]]]]]
    },
    "TransportXS":{
      "EnergyBounds":[[0.00000E+00],[5.00000E+01]],
      "multiMapOrder":["X","Y","Z"],
      "XBounds":[[-1.00000E+00,1.00000E+00]],
      "YBounds":[[-1.00000E+01,-8.00000E+00],[-8.00000E+00,-6.00000E+00],[-6.00000E+00,-4.00000E+00],[-4.00000E+00,-2.00000E+00],[-2.00000E+00,0.00000E+00],[0.00000E+00,2.00000E+00],[2.00000E+00,4.00000E+00],[4.00000E+00,6.00000E+00],[6.00000E+00,8.00000E+00],[8.00000E+00,1.00000E+01]],
      "ZBounds":[[-1.00000E+00,1.00000E+00]],
      "transportXS":[[[[[1.49555E+00,1.00000E+00]]],[[[1.51863E+00,1.00000E+00]]],[[[1.52585E+00,1.00000E+00]]],[[[1.52369E+00,1.00000E+00]]],[[[1.52462E+00,1.00000E+00]]],[[[1.51592E+00,1.00000E+00]]],[[[1.52142E+00,1.00000E+00]]],[[[1.51656E+00,1.00000E+00]]],[[[1.51272E+00,1.00000E+00]]],[[[1.47938E+00,1.00000E+00]]]]],
      "totalXS":[[[[[3.62263E+00,1.00000E+00]]],[[[3.66267E+00,1.00000E+00]]],[[[3.67703E+00,1.00000E+00]]],[[[3.67039E+00,1.00000E+00]]],[[[3.67123E+00,1.00000E+00]]],[[[3.65415E+00,1.00000E+00]]],[[[3.68175E+00,1.00000E+00]]],[[[3.68082E+00,1.00000E+00]]],[[[3.65561E+00,1.00000E+00]]],[[[3.58434E+00,1.00000E+00]]]]],
      "scatterXS":[[[[[3.38880E+00,1.00000E+00]]],[[[3.42091E+00,1.00000E+00]]],[[[3.43444E+00,1.00000E+00]]],[[[3.42650E+00,1.00000E+00]]],[[[3.42792E+00,1.00000E+00]]],[[[3.41354E+00,1.00000E+00]]],[[[3.43870E+00,1.00000E+00]]],[[[3.44037E+00,1.00000E+00]]],[[[3.41776E+00,1.00000E+00]]],[[[3.35377E+00,1.00000E+00]]]]],
      "fissionXS":[[[[[1.74049E-01,1.00000E+00]]],[[[1.79728E-01,1.00000E+00]]],[[[1.80527E-01,1.00000E+00]]],[[[1.80978E-01,1.00000E+00]]],[[[1.81077E-01,1.00000E+00]]],[[[1.78882E-01,1.00000E+00]]],[[[1.80506E-01,1.00000E+00]]],[[[1.78535E-01,1.00000E+00]]],[[[1.77110E-01,1.00000E+00]]],[[[1.71445E-01,1.00000E+00]]]]],
      "nuBar":[[[[[2.47211E+00,1.00000E+00]]],[[[2.47063E+00,1.00000E+00]]],[[[2.47071E+00,1.00000E+00]]],[[[2.47082E+00,1.00000E+00]]],[[[2.47085E+00,1.00000E+00]]],[[[2.47141E+00,1.00000E+00]]],[[[2.47088E+00,1.00000E+00]]],[[[2.47048E+00,1.00000E+00]]],[[[2.47122E+00,1.00000E+00]]],[[[2.47335E+00,1.00000E+00]]]]],
      "scatteringProductionXS":[[[[[[3.38905E+00,1.00000E+00]]]],[[[[3.42122E+00,1.00000E+00]]]],[[[[3.43475E+00,1.00000E+00]]]],[[[[3.42677E+00,1.00000E+00]]]],[[[[3.42830E+00,1.00000E+00]]]],[[[[3.41386E+00,1.00000E+00]]]],[[[[3.43893E+00,1.00000E+00]]]],[[[[3.44062E+00,1.00000E+00]]]],[[[[3.41795E+00,1.00000E+00]]]],[[[[3.35409E+00,1.00000E+00]]]]]],
      "fissionProductionXS":[[[[[[1.74049E-01,1.00000E+00]]]],[[[[1.79728E-01,1.00000E+00]]]],[[[[1.80527E-01,1.00000E+00]]]],[[[[1.80978E-01,1.00000E+00]]]],[[[[1.81077E-01,1.00000E+00]]]],[[[[1.78882E-01,1.00000E+00]]]],[[[[1.80506E-01,1.00000E+00]]]],[[[[1.78535E-01,1.00000E+00]]]],[[[[1.77110E-01,1.00000E+00]]]],[[[[1.71445E-01,1.00000E+00]]]]]]
    },
    "current":{
      "XBounds":[[-1.00000E+00,1.00000E+00]],
      "YBounds":[[-1.00000E+01,-8.00000E+00],[-8.00000E+00,-6.00000E+00],[-6.00000E+00,-4.00000E+00],[-4.00000E+00,-2.00000E+00],[-2.00000E+00,0.00000E+00],[0.00000E+00,2.00000E+00],[2.00000E+00,4.00000E+00],[4.00000E+00,6.00000E+00],[6.00000E+00,8.00000E+00],[8.00000E+00,1.00000E+01]],
      "ZBounds":[[-1.00000E+00,1.00000E+00]],