{
  "seed":-1093578485,
  "pop":200000,
  "Inactive_Cycles":30,
  "Active_Cycles":15,
  "Total_CPU_Time":4.97669E+02,
  "Total_Transport_Time":3.24918E+01,
  "inactive":{
    "batchSize":1
  },
  "batchSize":1,
  "keff":{
    "IMP_PROD":[1.18838E+05,8.29943E+01],
    "IMP_ABS":[6.47250E+04,4.18511E+01],
    "SCATTER_PROD":[8.53333E+01,1.60851E+00],
    "ANA_LEAK":[1.35536E+05,4.85906E+01],
    "K_EFF":[5.93671E-01,3.79493E-04]
  },
  "active":{
    "batchSize":1,
    "fluxMap":{
      "multiMapOrder":["Energy","X","Y","Z"],
      "EnergyBounds":[[0.00000E+00],[5.00000E+01]],
      "XBounds":[[-1.00000E+00,1.00000E+00]],
      "YBounds":[[-2.50000E+01,-2.00000E+01],[-2.00000E+01,-1.50000E+01],[-1.50000E+01,-1.00000E+01],[-1.00000E+01,-5.00000E+00],[-5.00000E+00,0.00000E+00],[0.00000E+00,5.00000E+00],[5.00000E+00,1.00000E+01],[1.00000E+01,1.50000E+01],[1.50000E+01,2.00000E+01],[2.00000E+01,2.50000E+01]],
      "ZBounds":[[-1.00000E+00,1.00000E+00]],
      "Res":[[[[[[1.32261E+04,1.86655E+02]]]],[[[[2.58155E+04,2.85383E+02]]]],[[[[2.98467E+04,1.52922E+02]]]],[[[[3.11780E+04,2.48823E+02]]]],[[[[3.16989E+04,2.40761E+02]]]],[[[[3.15475E+04,9.60979E+01]]]],[[[[3.30299E+04,1.52379E+02]]]],[[[[3.17134E+04,1.34707E+02]]]],[[[[2.59177E+04,7.13995E+01]]]],[[[[1.23806E+04,1.31348E+02]]]]]]
    },
    "TransportXS":{
      "EnergyBounds":[[0.00000E+00],[5.00000E+01]],
      "multiMapOrder":["X","Y","Z"],
      "XBounds":[[-1.00000E+00,1.00000E+00]],
      "YBounds":[[-2.50000E+01,-2.00000E+01],[-2.00000E+01,-1.50000E+01],[-1.50000E+01,-1.00000E+01],[-1.00000E+01,-5.00000E+00],[-5.00000E+00,0.00000E+00],[0.00000E+00,5.00000E+00],[5.00000E+00,1.00000E+01],[1.00000E+01,1.50000E+01],[1.50000E+01,2.00000E+01],[2.00000E+01,2.50000E+01]],
      "ZBounds":[[-1.00000E+00,1.00000E+00]],
      "transportXS":[[[[[1.51392E+00,1.00000E+00]]],[[[1.52308E+00,1.00000E+00]]],[[[1.51861E+00,1.00000E+00]]],[[[1.52448E+00,1.00000E+00]]],[[[1.52321E+00,1.00000E+00]]],[[[1.52149E+00,1.00000E+00]]],[[[1.51984E+00,1.00000E+00]]],[[[1.52413E+00,1.00000E+00]]],[[[1.51986E+00,1.00000E+00]]],[[[1.52085E+00,1.00000E+00]]]]],
      "totalXS":[[[[[3.65582E+00,1.00000E+00]]],[[[3.67551E+00,1.00000E+00]]],[[[3.66353E+00,1.00000E+00]]],[[[3.67562E+00,1.00000E+00]]],[[[3.67637E+00,1.00000E+00]]],[[[3.67408E+00,1.00000E+00]]],[[[3.66725E+00,1.00000E+00]]],[[[3.67514E+00,1.00000E+00]]],[[[3.66613E+00,1.00000E+00]]],[[[3.66759E+00,1.00000E+00]]]]],
      "scatterXS":[[[[[3.41351E+00,1.00000E+00]]],[[[3.43233E+00,1.00000E+00]]],[[[3.42145E+00,1.00000E+00]]],[[[3.43149E+00,1.00000E+00]]],[[[3.43316E+00,1.00000E+00]]],[[[3.43065E+00,1.00000E+00]]],[[[3.42438E+00,1.00000E+00]]],[[[3.43183E+00,1.00000E+00]]],[[[3.42342E+00,1.00000E+00]]],[[[3.42629E+00,1.00000E+00]]]]],
      "fissionXS":[[[[[1.80288E-01,1.00000E+00]]],[[[1.80696E-01,1.00000E+00]]],[[[1.79878E-01,1.00000E+00]]],[[[1.81366E-01,1.00000E+00]]],[[[1.80779E-01,1.00000E+00]]],[[[1.80902E-01,1.00000E+00]]],[[[1.80402E-01,1.00000E+00]]],[[[1.80776E-01,1.00000E+00]]],[[[1.80388E-01,1.00000E+00]]],[[[1.79384E-01,1.00000E+00]]]]],
      "nuBar":[[[[[2.47112E+00,1.00000E+00]]],[[[2.47055E+00,1.00000E+00]]],[[[2.47087E+00,1.00000E+00]]],[[[2.47073E+00,1.00000E+00]]],[[[2.47054E+00,1.00000E+00]]],[[[2.47063E+00,1.00000E+00]]],[[[2.47090E+00,1.00000E+00]]],[[[2.47062E+00,1.00000E+00]]],[[[2.47098E+00,1.00000E+00]]],[[[2.47090E+00,1.00000E+00]]]]],
      "scatteringProductionXS":[[[[[[3.41389E+00,1.00000E+00]]]],[[[[3.43260E+00,1.00000E+00]]]],[[[[3.42174E+00,1.00000E+00]]]],[[[[3.43181E+00,1.00000E+00]]]],[[[[3.43347E+00,1.00000E+00]]]],[[[[3.43099E+00,1.00000E+00]]]],[[[[3.42471E+00,1.00000E+00]]]],[[[[3.43219E+00,1.00000E+00]]]],[[[[3.42374E+00,1.00000E+00]]]],[[[[3.42657E+00,1.00000E+00]]]]]],
      "fissionProductionXS":[[[[[[1.80288E-01,1.00000E+00]]]],[[[[1.80696E-01,1.00000E+00]]]],[[[[1.79878E-01,1.00000E+00]]]],[[[[1.81366E-01,1.00000E+00]]]],[[[[1.80779E-01,1.00000E+00]]]],[[[[1.80902E-01,1.00000E+00]]]],[[[[1.80402E-01,1.00000E+00]]]],[[[[1.80776E-01,1.00000E+00]]]],[[[[1.80388E-01,1.00000E+00]]]],[[[[1.79384E-01,1.00000E+00]]]]]]
    },
    "current":{
      "XBounds":[[-1.00000E+00,1.00000E+00]],
      "YBounds":[[-2.50000E+01,-2.00000E+01],[-2.00000E+01,-1.50000E+01],[-1.50000E+01,-1.00000E+01],[-1.00000E+01,-5.00000E+00],[-5.00000E+00,0.00000E+00],[0.00000E+00,5.00000E+00],[5.00000E+00,1.00000E+01],[1.00000E+01,1.50000E+01],[1.50000E+01,2.00000E+01],[2.00000E+01,2.50000E+01]],
      "ZBounds":[[-1.00000E+00,1.00000E+00]],