{
  "seed":904849231,
  "pop":200000,
  "Inactive_Cycles":30,
  "Active_Cycles":15,
  "Total_CPU_Time":8.93958E+02,
  "Total_Transport_Time":5.77658E+01,
  "inactive":{
    "batchSize":1
  },
  "batchSize":1,
  "keff":{
    "IMP_PROD":[3.61930E+05,2.00884E+02],
    "IMP_ABS":[2.00154E+05,1.10894E+02],
    "SCATTER_PROD":[1.86733E+02,3.27831E+00],
    "ANA_LEAK":[0.00000E+00,0.00000E+00],
    "K_EFF":[1.80994E+00,1.68323E-04]
  },
  "active":{
    "batchSize":1,
    "fluxMap":{
      "multiMapOrder":["Energy","X","Y","Z"],
      "EnergyBounds":[[0.00000E+00],[5.00000E+01]],
      "XBounds":[[-1.00000E+00,1.00000E+00]],
      "YBounds":[[-2.50000E+01,-2.00000E+01],[-2.00000E+01,-1.50000E+01],[-1.50000E+01,-1.00000E+01],[-1.00000E+01,-5.00000E+00],[-5.00000E+00,0.00000E+00],[0.00000E+00,5.00000E+00],[5.00000E+00,1.00000E+01],[1.00000E+01,1.50000E+01],[1.50000E+01,2.00000E+01],[2.00000E+01,2.50000E+01]],
      "ZBounds":[[-1.00000E+00,1.00000E+00]],
      "Res":[[[[[[5.78317E+04,1.52738E+02]]]],[[[[5.82821E+04,6.47158E+01]]]],[[[[5.76721E+04,1.30580E+02]]]],[[[[5.91662E+04,1.52379E+02]]]],[[[[5.88619E+04,9.57663E+01]]]],[[[[5.86755E+04,1.21551E+02]]]],[[[[5.92363E+04,1.89462E+02]]]],[[[[5.93361E+04,1.85452E+02]]]],[[[[5.85855E+04,8.38447E+01]]]],[[[[5.79227E+04,1.38618E+02]]]]]]
    },
    "TransportXS":{
      "EnergyBounds":[[0.00000E+00],[5.00000E+01]],
      "multiMapOrder":["X","Y","Z"],
      "XBounds":[[-1.00000E+00,1.00000E+00]],
      "YBounds":[[-2.50000E+01,-2.00000E+01],[-2.00000E+01,-1.50000E+01],[-1.50000E+01,-1.00000E+01],[-1.00000E+01,-5.00000E+00],[-5.00000E+00,0.00000E+00],[0.00000E+00,5.00000E+00],[5.00000E+00,1.00000E+01],[1.00000E+01,1.50000E+01],[1.50000E+01,2.00000E+01],[2.00000E+01,2.50000E+01]],
      "ZBounds":[[-1.00000E+00,1.00000E+00]],
      "transportXS":[[[[[1.81943E+00,1.00000E+00]]],[[[1.81741E+00,1.00000E+00]]],[[[1.81824E+00,1.00000E+00]]],[[[1.81986E+00,1.00000E+00]]],[[[1.81741E+00,1.00000E+00]]],[[[1.81577E+00,1.00000E+00]]],[[[1.81994E+00,1.00000E+00]]],[[[1.81659E+00,1.00000E+00]]],[[[1.81714E+00,1.00000E+00]]],[[[1.82050E+00,1.00000E+00]]]]],
      "totalXS":[[[[[4.29422E+00,1.00000E+00]]],[[[4.29100E+00,1.00000E+00]]],[[[4.29114E+00,1.00000E+00]]],[[[4.29481E+00,1.00000E+00]]],[[[4.29113E+00,1.00000E+00]]],[[[4.28780E+00,1.00000E+00]]],[[[4.29658E+00,1.00000E+00]]],[[[4.28810E+00,1.00000E+00]]],[[[4.28889E+00,1.00000E+00]]],[[[4.29623E+00,1.00000E+00]]]]],
      "scatterXS":[[[[[3.95219E+00,1.00000E+00]]],[[[3.94934E+00,1.00000E+00]]],[[[3.94942E+00,1.00000E+00]]],[[[3.95334E+00,1.00000E+00]]],[[[3.94912E+00,1.00000E+00]]],[[[3.94620E+00,1.00000E+00]]],[[[3.95452E+00,1.00000E+00]]],[[[3.94657E+00,1.00000E+00]]],[[[3.94729E+00,1.00000E+00]]],[[[3.95379E+00,1.00000E+00]]]]],
      "fissionXS":[[[[[2.51727E-01,1.00000E+00]]],[[[2.51455E-01,1.00000E+00]]],[[[2.51373E-01,1.00000E+00]]],[[[2.51194E-01,1.00000E+00]]],[[[2.51594E-01,1.00000E+00]]],[[[2.51392E-01,1.00000E+00]]],[[[2.51778E-01,1.00000E+00]]],[[[2.51271E-01,1.00000E+00]]],[[[2.51316E-01,1.00000E+00]]],[[[2.51924E-01,1.00000E+00]]]]],
      "nuBar":[[[[[2.45749E+00,1.00000E+00]]],[[[2.45764E+00,1.00000E+00]]],[[[2.45760E+00,1.00000E+00]]],[[[2.45754E+00,1.00000E+00]]],[[[2.45758E+00,1.00000E+00]]],[[[2.45763E+00,1.00000E+00]]],[[[2.45742E+00,1.00000E+00]]],[[[2.45767E+00,1.00000E+00]]],[[[2.45758E+00,1.00000E+00]]],[[[2.45744E+00,1.00000E+00]]]]],
      "scatteringProductionXS":[[[[[[3.95249E+00,1.00000E+00]]]],[[[[3.94965E+00,1.00000E+00]]]],[[[[3.94976E+00,1.00000E+00]]]],[[[[3.95369E+00,1.00000E+00]]]],[[[[3.94942E+00,1.00000E+00]]]],[[[[3.94652E+00,1.00000E+00]]]],[[[[3.95485E+00,1.00000E+00]]]],[[[[3.94689E+00,1.00000E+00]]]],[[[[3.94759E+00,1.00000E+00]]]],[[[[3.95410E+00,1.00000E+00]]]]]],
      "fissionProductionXS":[[[[[[2.51727E-01,1.00000E+00]]]],[[[[2.51455E-01,1.00000E+00]]]],[[[[2.51373E-01,1.00000E+00]]]],[[[[2.51194E-01,1.00000E+00]]]],[[[[2.51594E-01,1.00000E+00]]]],[[[[2.51392E-01,1.00000E+00]]]],[[[[2.51778E-01,1.00000E+00]]]],[[[[2.51271E-01,1.00000E+00]]]],[[[[2.51316E-01,1.00000E+00]]]],[[[[2.51924E-01,1.00000E+00]]]]]]
    },
    "current":{
      "XBounds":[[-1.00000E+00,1.00000E+00]],
      "YBounds":[[-2.50000E+01,-2.00000E+01],[-2.00000E+01,-1.50000E+01],[-1.50000E+01,-1.00000E+01],[-1.00000E+01,-5.00000E+00],[-5.00000E+00,0.00000E+00],[0.00000E+00,5.00000E+00],[5.00000E+00,1.00000E+01],[1.00000E+01,1.50000E+01],[1.50000E+01,2.00000E+01],[2.00000E+01,2.50000E+01]],
      "ZBounds":[[-1.00000E+00,1.00000E+00]],